{
    "K_TRI": -1.3594582135749045,
    "B_TRI": 0.3991429755628211,
    "description": "\u710a\u7f1d\u8ffd\u8e2a\u9879\u76ee\u4e2d\u7684\u9ad8\u5ea6\u6807\u5b9a\u6570\u636e"
}